Country,Area,Birth rate, Current account balance ,Death rate,Electricity consumption, Electricity production , Exports , GDP , GDP per capita ,GDP real growth rate, Highways , Imports ,Industrial production growth rate,Infant mortality rate,Inflation rate ,Internet users,Investment,Labor force,Life expectancy at birth,Military expenditures,Natural gas consumption,Oil consumption,Population,Public debt,Railways,Reserves of foreign exchange & gold,Total fertility rate,Unemployment rate
Serbia and Montenegro,"102,350",12.12," $(3,008,000,000.00)",10.49,"32,330,000,000"," 31,640,000,000.00 "," $3,245,000,000.00 "," $26,270,000,000.00 "," $2,400.00 ",6.5," 45,290 "," $9,538,000,000.00 ",1.70,12.89,8.80,847000.00,14.40,3200000.00,74.73,0.00,602000000.00,64000.00,10829175.00,80.00,4380.00,3550000000.00,1.67,30.00
Iraq,"437,072",32.5," $(560,000,000.00)",5.49,"33,700,000,000"," 32,600,000,000.00 "," $10,100,000,000.00 "," $89,800,000,000.00 "," $3,500.00 ",52.3," 45,550 "," $9,900,000,000.00 ",0.00,50.25,25.40,25000.00,0.00,6700000.00,68.70,0.00,2350000000.00,383000.00,26074906.00,0.00,1963.00,0.00,4.28,25.00
Russia,"17,075,200",9.8," $46,040,000,000.00 ",14.52,"894,300,000,000"," 915,000,000,000.00 "," $162,500,000,000.00 "," $1,408,000,000,000.00 "," $9,800.00 ",6.7," 537,289 "," $92,910,000,000.00 ",6.40,15.39,11.50,6000000.00,19.10,71830000.00,67.10,0.00,405800000000.00,2310000.00,143420309.00,28.20,87157.00,124500000000.00,1.27,8.30
Hong Kong,"1,092",7.23," $14,850,000,000.00 ",5.98,"38,450,000,000"," 35,510,000,000.00 "," $268,100,000,000.00 "," $234,500,000,000.00 "," $34,200.00 ",7.9," 1,831 "," $275,900,000,000.00 ",1.00,2.97,-0.30,3212800.00,22.70,3540000.00,81.39,0.00,680900000.00,257000.00,6898686.00,2.10,0.00,123600000000.00,0.91,6.70
Iceland,"103,000",13.73," $(570,000,000.00)",6.68,"7,692,000,000"," 8,271,000,000.00 "," $2,902,000,000.00 "," $9,373,000,000.00 "," $31,900.00 ",1.8," 13,004 "," $3,307,000,000.00 ",8.80,3.31,4.00,195000.00,23.80,158100.00,80.19,0.00,0.00,16300.00,296737.00,35.90,0.00,935000000.00,1.92,3.10
Jordan,"92,300",21.76," $203,200,000.00 ",2.63,"7,094,000,000"," 7,307,000,000.00 "," $3,200,000,000.00 "," $25,500,000,000.00 "," $4,500.00 ",5.1," 7,301 "," $7,600,000,000.00 ",5.00,17.35,3.20,457000.00,11.60,1410000.00,78.24,14.60,290000000.00,103000.00,5759732.00,85.80,505.00,5457000000.00,2.71,15.00
Eritrea,"121,320",38.62," $(144,900,000.00)",13.53,"229,400,000"," 246,600,000.00 "," $64,440,000.00 "," $4,154,000,000.00 ", $900.00 ,2.5," 4,010 "," $622,000,000.00 ",0.00,74.87,10.00,9500.00,26.30,0.00,52.16,13.40,0.00,6000.00,4561599.00,0.00,306.00,30870000.00,5.61,0.00
Oman,"212,460",36.73," $2,674,000,000.00 ",3.86,"9,792,000,000"," 9,896,000,000.00 "," $13,140,000,000.00 "," $38,090,000,000.00 "," $13,100.00 ",1.2," 34,965 "," $6,373,000,000.00 ",-1.20,19.51,0.20,180000.00,13.50,920000.00,73.13,11.40,6340000000.00,54000.00,3001583.00,10.30,0.00,4144000000.00,5.84,15.00
Angola,"1,246,700",44.64," $(37,880,000.00)",25.9,"1,587,000,000"," 1,707,000,000.00 "," $12,760,000,000.00 "," $23,170,000,000.00 "," $2,100.00 ",11.7," 51,429 "," $4,896,000,000.00 ",1.00,191.19,43.80,41000.00,34.50,5410000.00,36.61,10.60,530000000.00,31000.00,11190786.00,0.00,2761.00,800000000.00,6.27,0.00
Saudi Arabia,"1,960,582",29.56," $51,500,000,000.00 ",2.62,"128,500,000,000"," 138,200,000,000.00 "," $113,000,000,000.00 "," $310,200,000,000.00 "," $12,000.00 ",5," 152,044 "," $36,210,000,000.00 ",2.80,13.24,0.80,1500000.00,17.20,6620000.00,75.46,10.00,56400000000.00,1550000.00,26417599.00,75.00,1392.00,23620000000.00,4.05,25.00
Qatar,"11,437",15.54," $5,187,000,000.00 ",4.61,"9,046,000,000"," 9,727,000,000.00 "," $15,000,000,000.00 "," $19,490,000,000.00 "," $23,200.00 ",8.7," 1,230 "," $6,150,000,000.00 ",10.00,18.61,3.00,126000.00,22.90,140000.00,73.67,10.00,15860000000.00,30000.00,863051.00,0.00,0.00,3351000000.00,2.87,2.70
Israel,"20,770",18.21," $211,900,000.00 ",6.18,"38,300,000,000"," 42,670,000,000.00 "," $34,410,000,000.00 "," $129,000,000,000.00 "," $20,800.00 ",3.9," 16,903 "," $36,840,000,000.00 ",4.50,7.03,0.00,2000000.00,17.60,2680000.00,79.32,8.70,10000000.00,260000.00,6276883.00,104.50,640.00,28480000000.00,2.44,10.70
Yemen,"527,970",43.07," $369,900,000.00 ",8.53,"2,827,000,000"," 3,040,000,000.00 "," $4,468,000,000.00 "," $16,250,000,000.00 ", $800.00 ,1.9," 67,000 "," $3,734,000,000.00 ",3.00,61.50,12.20,100000.00,16.10,5980000.00,61.75,7.80,0.00,78000.00,20727063.00,46.40,0.00,5300000000.00,6.67,35.00
Armenia,"29,800",11.76," $(240,400,000.00)",8.16,"5,797,000,000"," 6,492,000,000.00 "," $850,000,000.00 "," $13,650,000,000.00 "," $4,600.00 ",9," 8,431 "," $1,300,000,000.00 ",15.00,23.28,3.50,150000.00,19.80,1400000.00,71.55,6.50,1400000000.00,5700.00,2982904.00,0.00,845.00,555000000.00,1.32,30.00
Bahrain,665,18.1," $586,100,000.00 ",4.08,"6,379,000,000"," 6,860,000,000.00 "," $8,205,000,000.00 "," $13,010,000,000.00 "," $19,200.00 ",5.6," 3,459 "," $5,870,000,000.00 ",2.00,17.27,2.10,195700.00,12.80,370000.00,74.23,6.30,32700000000.00,40000.00,688345.00,63.80,0.00,2141000000.00,2.63,15.00
Burundi,"27,830",39.66," $(59,500,000.00)",17.43,"137,800,000"," 132,000,000.00 "," $31,840,000.00 "," $4,001,000,000.00 ", $600.00 ,3," 14,480 "," $138,200,000.00 ",18.00,69.29,8.50,14000.00,10.70,2990000.00,43.50,6.00,0.00,2750.00,6370609.00,0.00,0.00,76890000.00,5.81,0.00
Macedonia,"25,333",12," $(311,000,000.00)",8.73,"7,216,000,000"," 6,273,000,000.00 "," $1,629,000,000.00 "," $14,400,000,000.00 "," $7,100.00 ",1.3," 8,684 "," $2,677,000,000.00 ",0.00,10.09,0.40,100000.00,17.50,855000.00,73.73,6.00,0.00,22000.00,2045262.00,20.00,699.00,928000000.00,1.57,37.70
Syria,"185,180",28.29," $1,100,000,000.00 ",4.88,"24,320,000,000"," 26,150,000,000.00 "," $6,086,000,000.00 "," $60,440,000,000.00 "," $3,400.00 ",2.3," 45,697 "," $5,042,000,000.00 ",7.00,29.53,2.10,220000.00,16.30,5120000.00,70.03,5.90,5840000000.00,240000.00,18448752.00,32.00,2711.00,5000000000.00,3.50,20.00
Turkey,"780,580",16.83," $(15,300,000,000.00)",5.96,"117,900,000,000"," 139,700,000,000.00 "," $69,460,000,000.00 "," $508,700,000,000.00 "," $7,400.00 ",8.2," 354,421 "," $94,500,000,000.00 ",16.50,41.04,9.30,5500000.00,17.30,25300000.00,72.36,5.30,15940000000.00,619500.00,69660559.00,74.30,8671.00,37100000000.00,1.94,9.30
Kuwait,"17,820",21.88," $12,040,000,000.00 ",2.42,"30,160,000,000"," 32,430,000,000.00 "," $27,420,000,000.00 "," $48,000,000,000.00 "," $21,300.00 ",6.8," 4,450 "," $11,120,000,000.00 ",-5.00,9.95,2.30,567000.00,8.00,1420000.00,77.03,5.30,8700000000.00,293000.00,2335648.00,29.60,0.00,7333000000.00,2.97,2.20
Morocco,"446,550",22.29," $765,400,000.00 ",5.64,"14,240,000,000"," 13,910,000,000.00 "," $9,754,000,000.00 "," $134,600,000,000.00 "," $4,200.00 ",4.4," 57,694 "," $15,630,000,000.00 ",0.00,41.62,2.10,800000.00,22.40,11020000.00,70.66,5.00,50000000.00,167000.00,32725847.00,70.20,1907.00,15140000000.00,2.73,12.10
Pakistan,"803,940",30.42," $1,400,000,000.00 ",8.45,"52,660,000,000"," 75,270,000,000.00 "," $15,070,000,000.00 "," $347,300,000,000.00 "," $2,200.00 ",6.1," 257,683 "," $14,010,000,000.00 ",13.10,72.44,4.80,1500000.00,16.40,45430000.00,63.00,4.90,23400000000.00,365000.00,162419946.00,71.40,8163.00,12580000000.00,4.14,8.30
Singapore,693,9.49," $8,800,000,000.00 ",4.16,"32,000,000,000"," 35,330,000,000.00 "," $174,000,000,000.00 "," $120,900,000,000.00 "," $27,800.00 ",8.1," 3,130 "," $155,200,000,000.00 ",11.10,2.29,1.70,2310000.00,27.40,2180000.00,81.62,4.90,2500000000.00,700000.00,4425720.00,102.50,0.00,112800000000.00,1.05,3.40
Ethiopia,"1,127,127",38.61," $(464,400,000.00)",15.06,"1,998,000,000"," 2,149,000,000.00 "," $562,800,000.00 "," $54,890,000,000.00 ", $800.00 ,11.6," 33,297 "," $2,104,000,000.00 ",6.70,95.32,2.40,75000.00,17.80,0.00,48.83,4.60,0.00,23000.00,73053286.00,0.00,681.00,923100000.00,5.33,0.00
Bosnia and Herzegovina,"51,129",12.49," $(2,100,000,000.00)",8.44,"8,318,000,000"," 10,040,000,000.00 "," $1,700,000,000.00 "," $26,210,000,000.00 "," $6,500.00 ",5," 21,846 "," $5,200,000,000.00 ",5.50,21.05,1.10,100000.00,0.00,1026000.00,72.85,4.50,300000000.00,20000.00,4025476.00,0.00,1021.00,2000000000.00,1.71,44.00
Zimbabwe,"390,580",29.74," $(230,300,000.00)",24.66,"11,220,000,000"," 8,839,000,000.00 "," $1,409,000,000.00 "," $24,370,000,000.00 "," $1,900.00 ",-8.2," 18,338 "," $1,599,000,000.00 ",-7.80,67.69,133.00,500000.00,9.90,4230000.00,36.67,4.30,0.00,23000.00,12746990.00,52.30,3077.00,57000000.00,3.54,70.00
Greece,"131,940",9.72," $(8,000,000,000.00)",10.15,"47,420,000,000"," 47,220,000,000.00 "," $15,500,000,000.00 "," $226,400,000,000.00 "," $21,300.00 ",3.7," 117,000 "," $54,280,000,000.00 ",4.10,5.53,2.90,1718400.00,27.00,4400000.00,79.09,4.30,2021000000.00,405700.00,10668354.00,112.00,2571.00,7300000000.00,1.33,10.00
China,"9,596,960",13.14," $30,320,000,000.00 ",6.94,"1,630,000,000,000"," 1,910,000,000,000.00 "," $583,100,000,000.00 "," $7,262,000,000,000.00 "," $5,600.00 ",9.1," 1,765,222 "," $552,400,000,000.00 ",17.10,24.18,4.10,94000000.00,46.00,760800000.00,72.27,4.30,29180000000.00,4956000.00,1306313812.00,31.40,70058.00,609900000000.00,1.72,9.80
Tajikistan,"143,100",32.58," $(52,000,000.00)",8.39,"14,410,000,000"," 15,080,000,000.00 "," $1,130,000,000.00 "," $7,950,000,000.00 "," $1,100.00 ",10.5," 27,767 "," $1,300,000,000.00 ",8.20,110.76,8.00,4100.00,22.00,3187000.00,64.56,3.90,1300000000.00,20000.00,7163506.00,0.00,482.00,145300000.00,4.05,40.00
Libya,"1,759,540",26.82," $9,895,000,000.00 ",3.48,"19,430,000,000"," 20,890,000,000.00 "," $18,650,000,000.00 "," $37,480,000,000.00 "," $6,700.00 ",4.9," 83,200 "," $7,224,000,000.00 ",0.00,24.60,2.90,160000.00,9.90,1590000.00,76.50,3.90,5410000000.00,216000.00,5765563.00,8.80,0.00,24180000000.00,3.34,30.00
Botswana,"600,370",23.33," $337,000,000.00 ",29.36,"1,890,000,000"," 930,000,000.00 "," $2,940,000,000.00 "," $15,050,000,000.00 "," $9,200.00 ",3.5," 10,217 "," $2,255,000,000.00 ",4.40,54.58,7.00,60000.00,25.50,264000.00,33.87,3.90,0.00,16000.00,1640115.00,8.60,888.00,5700000000.00,2.85,23.80
Chile,"756,950",15.44," $2,185,000,000.00 ",5.76,"41,800,000,000"," 48,600,000,000.00 "," $29,200,000,000.00 "," $169,100,000,000.00 "," $10,700.00 ",5.8," 79,605 "," $22,530,000,000.00 ",7.80,8.80,2.40,3575000.00,23.90,6200000.00,76.58,3.80,6517000000.00,240000.00,15980912.00,12.80,6585.00,16020000000.00,2.02,8.50
Cyprus,"9,250",12.57," $(619,900,000.00)",7.64,"602,000,000"," 4,000,000,000.00 "," $49,300,000.00 "," $4,540,000,000.00 "," $7,135.00 ",2.6," 13,943 "," $415,200,000.00 ",-0.30,7.18,2.40,210000.00,17.90,95025.00,77.65,3.80,0.00,49000.00,780133.00,74.90,0.00,941600000.00,1.83,3.20
Turkmenistan,"488,100",27.68," $114,000,000.00 ",8.78,"8,908,000,000"," 11,410,000,000.00 "," $4,000,000,000.00 "," $27,600,000,000.00 "," $5,700.00 ",7.5," 24,000 "," $2,850,000,000.00 ",22.00,73.08,9.00,8000.00,29.00,2320000.00,61.39,3.40,9600000000.00,63000.00,4952081.00,0.00,2440.00,3034000000.00,3.41,60.00
Colombia,"1,138,910",20.82," $(1,706,000,000.00)",5.59,"41,140,000,000"," 44,870,000,000.00 "," $15,500,000,000.00 "," $281,100,000,000.00 "," $6,600.00 ",3.6," 112,998 "," $15,340,000,000.00 ",4.00,20.97,5.90,2732200.00,15.80,20700000.00,71.72,3.40,5700000000.00,252000.00,42954279.00,51.80,3304.00,11940000000.00,2.56,13.60
Egypt,"1,001,450",23.32," $2,113,000,000.00 ",5.26,"75,580,000,000"," 81,270,000,000.00 "," $11,000,000,000.00 "," $316,300,000,000.00 "," $4,200.00 ",4.5," 64,000 "," $19,210,000,000.00 ",2.50,32.59,9.50,2700000.00,15.80,20710000.00,71.00,3.40,21200000000.00,562000.00,77505756.00,102.70,5063.00,14030000000.00,2.88,10.90
Iran,"1,648,000",16.83," $2,100,000,000.00 ",5.55,"119,900,000,000"," 129,000,000,000.00 "," $38,790,000,000.00 "," $516,700,000,000.00 "," $7,700.00 ",6.3," 167,157 "," $31,300,000,000.00 ",3.50,41.58,15.50,4300000.00,31.30,23000000.00,69.96,3.30,72400000000.00,1400000.00,68017860.00,27.00,7203.00,29870000000.00,1.82,11.20
United States,"9,631,418",14.14," $(646,500,000,000.00)",8.25,"3,660,000,000,000"," 3,839,000,000,000.00 "," $795,000,000,000.00 "," $11,750,000,000,000.00 "," $40,100.00 ",4.4," 6,393,603 "," $1,476,000,000,000.00 ",4.40,6.50,2.50,159000000.00,15.70,147400000.00,77.71,3.30,640900000000.00,19650000.00,295734134.00,65.00,228464.00,85940000000.00,2.08,5.50
Rwanda,"26,338",40.6," $(212,500,000.00)",16.32,"195,000,000"," 166,700,000.00 "," $69,780,000.00 "," $10,430,000,000.00 "," $1,300.00 ",0.9," 12,000 "," $260,000,000.00 ",7.00,91.23,7.00,25000.00,20.00,4600000.00,46.96,3.20,0.00,5300.00,8440820.00,0.00,0.00,210900000.00,5.49,0.00
Algeria,"2,381,740",17.13," $11,900,000,000.00 ",4.6,"23,610,000,000"," 25,760,000,000.00 "," $32,160,000,000.00 "," $212,300,000,000.00 "," $6,600.00 ",6.1," 104,000 "," $15,250,000,000.00 ",6.00,31.00,3.10,500000.00,26.20,9910000.00,73.00,3.20,22320000000.00,209000.00,32531853.00,37.40,3973.00,43550000000.00,1.92,25.40
Namibia,"825,418",25.16," $234,300,000.00 ",18.36,"1,920,000,000"," 1,167,000,000.00 "," $1,356,000,000.00 "," $14,760,000,000.00 "," $7,300.00 ",4.8," 42,237 "," $1,473,000,000.00 ",0.00,48.98,4.20,65000.00,19.60,840000.00,43.93,3.10,0.00,13000.00,2030692.00,38.50,2382.00,360000000.00,3.18,35.00
Lebanon,"10,400",18.88," $(2,389,000,000.00)",6.24,"8,591,000,000"," 8,066,000,000.00 "," $1,783,000,000.00 "," $18,830,000,000.00 "," $5,000.00 ",4," 7,300 "," $8,162,000,000.00 ",0.00,24.52,2.00,400000.00,26.00,2600000.00,72.63,3.10,0.00,107000.00,3826018.00,177.90,401.00,16300000000.00,1.92,18.00
United Arab Emirates,"82,880",18.78," $6,300,000,000.00 ",4.26,"36,510,000,000"," 45,120,000,000.00 "," $69,480,000,000.00 "," $63,670,000,000.00 "," $25,200.00 ",5.7," 1,088 "," $45,660,000,000.00 ",4.00,14.51,3.20,1110200.00,20.80,2360000.00,75.24,3.10,33700000000.00,310000.00,2563212.00,17.60,0.00,18640000000.00,2.94,2.40
Sudan,"2,505,810",35.17," $(763,600,000.00)",9.16,"2,400,000,000"," 2,581,000,000.00 "," $3,395,000,000.00 "," $76,190,000,000.00 "," $1,900.00 ",6.4," 11,900 "," $3,496,000,000.00 ",8.50,62.50,9.00,300000.00,16.00,11000000.00,58.54,3.00,0.00,70000.00,40187486.00,79.70,5995.00,1652000000.00,4.85,18.70
Indonesia,"1,919,440",20.71," $7,338,000,000.00 ",6.25,"92,350,000,000"," 110,200,000,000.00 "," $69,860,000,000.00 "," $827,400,000,000.00 "," $3,500.00 ",4.9," 342,700 "," $45,070,000,000.00 ",10.50,35.60,6.10,8000000.00,16.60,111500000.00,69.57,3.00,55300000000.00,1183000.00,241973879.00,56.20,6458.00,35820000000.00,2.44,9.20
Cambodia,"181,040",27.08," $(316,200,000.00)",8.97,"100,600,000"," 122,000,000.00 "," $2,311,000,000.00 "," $26,990,000,000.00 "," $2,000.00 ",5.4," 12,323 "," $3,129,000,000.00 ",22.00,71.48,3.10,30000.00,20.90,7000000.00,58.87,3.00,0.00,7200.00,13607069.00,0.00,602.00,997500000.00,3.44,2.50
Congo Republic of the,"342,000",27.88," $266,000,000.00 ",14.82,"573,600,000"," 348,000,000.00 "," $2,224,000,000.00 "," $2,324,000,000.00 ", $800.00 ,3.7," 12,800 "," $749,300,000.00 ",0.00,92.41,1.80,15000.00,25.80,0.00,48.97,2.80,0.00,5000.00,3039126.00,0.00,894.00,40420000.00,3.54,0.00
Korea South,"98,480",10.08," $26,780,000,000.00 ",6.26,"293,600,000,000"," 322,500,000,000.00 "," $250,600,000,000.00 "," $925,100,000,000.00 "," $19,200.00 ",4.6," 86,990 "," $214,200,000,000.00 ",10.10,7.05,3.60,29220000.00,28.70,22900000.00,75.82,2.80,20920000000.00,2070000.00,48422644.00,21.30,3125.00,199100000000.00,1.26,3.60
Australia,"7,686,850",12.26," $(38,300,000,000.00)",7.44,"195,600,000,000"," 210,300,000,000.00 "," $86,890,000,000.00 "," $611,700,000,000.00 "," $30,700.00 ",3.5," 811,603 "," $98,100,000,000.00 ",1.90,4.69,2.30,9472000.00,25.30,10350000.00,80.39,2.70,23330000000.00,796500.00,20090437.00,17.40,43802.00,35140000000.00,1.76,5.10
Bulgaria,"110,910",9.66," $682,900,000.00 ",14.26,"32,710,000,000"," 43,070,000,000.00 "," $9,134,000,000.00 "," $61,630,000,000.00 "," $8,200.00 ",5.3," 37,077 "," $12,230,000,000.00 ",5.20,20.55,6.10,630000.00,18.60,3398000.00,72.03,2.60,5804000000.00,94000.00,7450349.00,41.90,4294.00,7526000000.00,1.38,12.70
France,"547,030",12.15," $(305,000,000.00)",9.08,"414,700,000,000"," 528,600,000,000.00 "," $419,000,000,000.00 "," $1,737,000,000,000.00 "," $28,700.00 ",2.1," 893,100 "," $419,700,000,000.00 ",1.70,4.26,2.30,21900000.00,19.20,27700000.00,79.60,2.60,42010000000.00,2026000.00,60656178.00,67.70,32175.00,70760000000.00,1.85,10.10
Sri Lanka,"65,610",15.63," $(587,300,000.00)",6.49,"6,228,000,000"," 6,697,000,000.00 "," $5,306,000,000.00 "," $80,580,000,000.00 "," $4,000.00 ",5.2," 11,650 "," $7,265,000,000.00 ",7.10,14.35,5.80,200000.00,22.40,7260000.00,73.17,2.60,0.00,75000.00,20064776.00,104.30,1449.00,2475000000.00,1.85,7.80
Taiwan,"35,980",12.64," $21,160,000,000.00 ",6.38,"147,400,000,000"," 158,500,000,000.00 "," $170,500,000,000.00 "," $576,200,000,000.00 "," $25,300.00 ",6," 37,299 "," $165,400,000,000.00 ",12.20,6.40,1.70,13800000.00,18.00,10220000.00,77.26,2.60,6640000000.00,988000.00,22894384.00,32.40,2508.00,246500000000.00,1.57,4.50
Azerbaijan,"86,600",20.4," $(2,899,000,000.00)",9.86,"17,370,000,000"," 17,550,000,000.00 "," $3,168,000,000.00 "," $30,010,000,000.00 "," $3,800.00 ",9.8," 28,030 "," $3,622,000,000.00 ",4.00,81.74,4.60,300000.00,65.10,5090000.00,63.35,2.60,6720000000.00,140000.00,7911974.00,18.90,2957.00,875000000.00,2.44,1.20
Equatorial Guinea,"28,051",36.18," $(578,600,000.00)",12,"24,820,000"," 26,690,000.00 "," $2,771,000,000.00 "," $1,270,000,000.00 "," $2,700.00 ",20," 2,880 "," $1,167,000,000.00 ",30.00,85.13,8.50,1800.00,50.80,0.00,55.56,2.50,20000000.00,2000.00,535881.00,0.00,0.00,235200000.00,4.62,30.00
India,"3,287,590",22.32," $4,897,000,000.00 ",8.28,"510,100,000,000"," 547,200,000,000.00 "," $69,180,000,000.00 "," $3,319,000,000,000.00 "," $3,100.00 ",6.2," 2,525,989 "," $89,330,000,000.00 ",7.40,56.29,4.20,18481000.00,23.80,482200000.00,64.35,2.50,22750000000.00,2130000.00,1080264388.00,59.70,63140.00,126000000000.00,2.78,9.20
Vietnam,"329,560",17.07," $(2,061,000,000.00)",6.2,"32,060,000,000"," 34,480,000,000.00 "," $23,720,000,000.00 "," $227,200,000,000.00 "," $2,700.00 ",7.7," 93,300 "," $26,310,000,000.00 ",16.00,25.95,9.50,3500000.00,36.60,42980000.00,70.61,2.50,1300000000.00,185000.00,83535576.00,65.90,2600.00,6510000000.00,1.94,1.90
Romania,"237,500",10.7," $(3,631,000,000.00)",11.74,"57,500,000,000"," 56,530,000,000.00 "," $23,540,000,000.00 "," $171,500,000,000.00 "," $7,700.00 ",8.1," 198,755 "," $28,430,000,000.00 ",4.00,26.43,9.60,4000000.00,23.30,9660000.00,71.35,2.47,18500000000.00,253800.00,22329977.00,23.60,11385.00,16210000000.00,1.36,6.30
Benin,"112,620",41.99," $(159,900,000.00)",13.76,"565,200,000"," 285,200,000.00 "," $720,900,000.00 "," $8,338,000,000.00 "," $1,200.00 ",5," 6,787 "," $934,500,000.00 ",8.30,85.00,2.80,70000.00,19.30,0.00,50.51,2.40,0.00,11500.00,7460025.00,0.00,578.00,839300000.00,5.86,0.00
United Kingdom,"244,820",10.78," $(33,460,000,000.00)",10.18,"337,400,000,000"," 395,900,000,000.00 "," $347,200,000,000.00 "," $1,782,000,000,000.00 "," $29,600.00 ",3.2," 392,931 "," $439,400,000,000.00 ",0.90,5.16,1.40,25000000.00,16.20,29780000.00,78.38,2.40,92850000000.00,1692000.00,60441457.00,39.60,17186.00,48730000000.00,1.66,4.80
Croatia,"56,542",9.57," $(1,925,000,000.00)",11.38,"15,200,000,000"," 12,510,000,000.00 "," $7,845,000,000.00 "," $50,330,000,000.00 "," $11,200.00 ",3.7," 28,344 "," $16,700,000,000.00 ",2.70,6.84,2.50,1014000.00,28.60,1710000.00,74.45,2.39,2840000000.00,89000.00,4495904.00,41.70,2726.00,8563000000.00,1.39,13.80
Lesotho,"30,355",26.53," $(108,300,000.00)",25.03,"308,000,000"," 314,000,000.00 "," $484,500,000.00 "," $5,892,000,000.00 "," $3,200.00 ",3.3," 5,940 "," $730,900,000.00 ",15.50,84.23,5.30,21000.00,39.60,838000.00,36.68,2.30,0.00,1500.00,1867035.00,0.00,0.00,402200000.00,3.35,45.00
Portugal,"92,391",10.82," $(8,120,000,000.00)",10.43,"42,150,000,000"," 43,280,000,000.00 "," $37,680,000,000.00 "," $188,700,000,000.00 "," $17,900.00 ",1.1," 17,135 "," $52,100,000,000.00 ",1.10,5.05,2.10,3600000.00,22.30,5480000.00,77.53,2.30,2542000000.00,339800.00,10566212.00,61.50,2850.00,12300000000.00,1.47,6.50
Uganda,"236,040",47.39," $(590,800,000.00)",12.8,"1,401,000,000"," 1,775,000,000.00 "," $621,700,000.00 "," $39,390,000,000.00 "," $1,500.00 ",5," 27,000 "," $1,306,000,000.00 ",5.60,67.83,3.50,125000.00,22.40,12410000.00,51.59,2.20,0.00,8750.00,27269482.00,73.90,1241.00,1200000000.00,6.74,0.00
Mozambique,"801,590",35.79," $(101,200,000.00)",20.99,"5,046,000,000"," 8,859,000,000.00 "," $689,400,000.00 "," $23,380,000,000.00 "," $1,200.00 ",8.2," 30,400 "," $972,900,000.00 ",3.40,130.79,12.80,50000.00,47.00,9200000.00,40.32,2.20,60000000.00,8500.00,19406703.00,0.00,3123.00,1206000000.00,4.70,21.00
Ecuador,"283,560",22.67," $261,100,000.00 ",4.24,"75,580,000,000"," 81,270,000,000.00 "," $7,560,000,000.00 "," $49,510,000,000.00 "," $3,700.00 ",5.8," 43,197 "," $7,650,000,000.00 ",10.00,23.66,2.00,569700.00,20.60,4530000.00,76.21,2.20,160000000.00,129000.00,13363593.00,49.20,966.00,1436000000.00,2.72,11.10
Chad,"1,284,000",45.98," $330,200,000.00 ",16.41,"89,400,000"," 96,130,000.00 "," $365,000,000.00 "," $15,660,000,000.00 "," $1,600.00 ",38," 33,400 "," $500,700,000.00 ",5.00,93.82,8.00,15000.00,24.70,0.00,47.94,2.10,0.00,1500.00,9826419.00,0.00,0.00,652700000.00,6.32,0.00
Burma,"678,500",18.11," $(185,000,000.00)",12.15,"3,484,000,000"," 5,068,000,000.00 "," $2,137,000,000.00 "," $74,300,000,000.00 "," $1,700.00 ",-1.3," 28,200 "," $1,754,000,000.00 ",0.00,67.24,17.20,28000.00,10.20,27010000.00,56.22,2.10,1569000000.00,60950.00,42909464.00,0.00,3955.00,590000000.00,2.01,5.20
Malaysia,"329,750",23.07," $11,810,000,000.00 ",5.06,"68,400,000,000"," 75,330,000,000.00 "," $123,500,000,000.00 "," $229,300,000,000.00 "," $9,700.00 ",7.1," 65,877 "," $99,300,000,000.00 ",10.20,17.70,1.30,8692100.00,21.70,10490000.00,72.24,2.03,31250000000.00,460000.00,23953136.00,45.40,2418.00,55270000000.00,3.07,3.00
Czech Republic,"78,866",9.07," $(5,730,000,000.00)",10.54,"55,330,000,000"," 71,750,000,000.00 "," $66,510,000,000.00 "," $172,200,000,000.00 "," $16,800.00 ",3.7," 127,204 "," $68,190,000,000.00 ",4.70,3.93,3.20,2700000.00,29.00,5250000.00,76.02,2.02,9892000000.00,175700.00,10241138.00,33.50,9520.00,32780000000.00,1.20,10.60
Gabon,"267,667",36.24," $196,800,000.00 ",11.72,"1,080,000,000"," 1,161,000,000.00 "," $3,710,000,000.00 "," $7,966,000,000.00 "," $5,900.00 ",1.9," 8,464 "," $1,225,000,000.00 ",1.60,53.64,1.50,35000.00,21.80,650000.00,55.75,2.00,80000000.00,13000.00,1389201.00,29.30,814.00,268600000.00,4.77,21.00
Uruguay,"176,220",14.09," $181,800,000.00 ",9.06,"5,878,000,000"," 8,536,000,000.00 "," $2,200,000,000.00 "," $49,270,000,000.00 "," $14,500.00 ",10.2," 8,983 "," $2,071,000,000.00 ",22.00,11.95,7.60,400000.00,9.60,1560000.00,76.13,2.00,64500000.00,41500.00,3415920.00,0.00,2073.00,2362000000.00,1.91,13.00
Belize,"22,966",29.34," $(115,000,000.00)",6.04,"108,800,000"," 117,000,000.00 "," $401,400,000.00 "," $1,778,000,000.00 "," $6,500.00 ",3.5," 2,872 "," $579,900,000.00 ",4.60,25.69,2.90,30000.00,33.60,90000.00,67.49,2.00,0.00,5000.00,279457.00,0.00,0.00,111100000.00,3.68,12.90
Estonia,"45,226",9.91," $(1,169,000,000.00)",13.21,"6,358,000,000"," 8,301,000,000.00 "," $5,701,000,000.00 "," $19,230,000,000.00 "," $14,300.00 ",6," 55,944 "," $7,318,000,000.00 ",5.00,7.87,3.00,444000.00,28.20,660000.00,71.77,2.00,1270000000.00,24000.00,1332893.00,5.40,958.00,1503000000.00,1.39,9.60
Finland,"338,145",10.5," $11,390,000,000.00 ",9.79,"78,580,000,000"," 71,590,000,000.00 "," $61,040,000,000.00 "," $151,200,000,000.00 "," $29,000.00 ",3," 78,197 "," $45,170,000,000.00 ",2.00,3.57,0.70,2650000.00,18.30,2660000.00,78.35,2.00,4557000000.00,211400.00,5223442.00,46.80,5851.00,11170000000.00,1.73,8.90
Uzbekistan,"447,400",26.22," $461,900,000.00 ",7.95,"46,660,000,000"," 47,700,000,000.00 "," $3,700,000,000.00 "," $47,590,000,000.00 "," $1,800.00 ",4.4," 81,600 "," $2,820,000,000.00 ",6.20,71.10,3.00,492000.00,0.00,14640000.00,64.19,2.00,45200000000.00,142000.00,26851195.00,41.50,3950.00,1603000000.00,2.94,0.60
Togo,"56,785",33.48," $(125,600,000.00)",11.8,"451,200,000"," 108,800,000.00 "," $663,100,000.00 "," $8,684,000,000.00 "," $1,600.00 ",3," 7,520 "," $824,900,000.00 ",0.00,66.61,1.00,210000.00,19.10,1740000.00,52.64,1.90,0.00,10000.00,5681519.00,0.00,568.00,267400000.00,4.61,0.00
Lithuania,"65,200",8.62," $(1,600,000,000.00)",10.92,"10,170,000,000"," 17,930,000,000.00 "," $8,880,000,000.00 "," $45,230,000,000.00 "," $12,500.00 ",6.6," 77,148 "," $11,020,000,000.00 ",12.00,6.89,1.10,695700.00,21.90,1630000.00,73.97,1.90,2760000000.00,72000.00,3596617.00,25.20,1998.00,4610000000.00,1.19,8.00
Norway,"324,220",11.67," $30,520,000,000.00 ",9.45,"107,400,000,000"," 125,900,000,000.00 "," $76,640,000,000.00 "," $183,000,000,000.00 "," $40,000.00 ",3.3," 91,852 "," $45,960,000,000.00 ",5.20,3.70,1.00,2288000.00,17.50,2380000.00,79.40,1.90,4100000000.00,171100.00,4593041.00,33.10,4077.00,0.00,1.78,4.30
Slovakia,"48,845",10.62," $(1,400,000,000.00)",9.43,"28,890,000,000"," 31,150,000,000.00 "," $29,240,000,000.00 "," $78,890,000,000.00 "," $14,500.00 ",5.3," 42,970 "," $29,670,000,000.00 ",5.10,7.41,7.50,1375800.00,24.00,2200000.00,74.50,1.89,6800000000.00,82000.00,5431363.00,46.60,3661.00,14910000000.00,1.32,13.10
Seychelles,455,16.22," $(98,420,000.00)",6.34,"202,800,000"," 218,000,000.00 "," $256,200,000.00 "," $626,000,000.00 "," $7,800.00 ",1.5, 373 ," $393,400,000.00 ",0.00,15.53,5.00,11700.00,39.50,30900.00,71.82,1.80,0.00,4000.00,81188.00,122.80,0.00,70940000.00,1.75,0.00
Zambia,"752,614",41.38," $(181,400,000.00)",20.23,"5,345,000,000"," 8,167,000,000.00 "," $1,548,000,000.00 "," $9,409,000,000.00 ", $900.00 ,4.6," 91,440 "," $1,519,000,000.00 ",6.90,88.29,18.30,68200.00,41.40,4630000.00,39.70,1.80,0.00,11000.00,11261795.00,127.50,2173.00,345000000.00,5.47,50.00
Bangladesh,"144,000",30.01," $216,600,000.00 ",8.4,"15,300,000,000"," 16,450,000,000.00 "," $7,478,000,000.00 "," $275,700,000,000.00 "," $2,000.00 ",4.9," 207,486 "," $10,030,000,000.00 ",6.50,62.60,6.00,243000.00,23.50,65490000.00,62.08,1.80,9900000000.00,71000.00,144319628.00,43.00,2706.00,3000000000.00,3.13,40.00
Brazil,"8,511,965",16.83," $8,000,000,000.00 ",6.15,"351,900,000,000"," 339,000,000,000.00 "," $95,000,000,000.00 "," $1,492,000,000,000.00 "," $8,100.00 ",5.1," 1,724,929 "," $61,000,000,000.00 ",6.00,29.61,7.60,14300000.00,19.80,89000000.00,71.69,1.80,9590000000.00,2199000.00,186112794.00,52.00,29412.00,52940000000.00,1.93,11.50
Italy,"301,230",8.89," $(21,100,000,000.00)",10.3,"293,900,000,000"," 261,600,000,000.00 "," $336,400,000,000.00 "," $1,609,000,000,000.00 "," $27,700.00 ",1.3," 479,688 "," $329,300,000,000.00 ",0.70,5.94,2.30,18500000.00,19.30,24270000.00,79.68,1.80,71180000000.00,1866000.00,58103033.00,105.60,19507.00,61500000000.00,1.28,8.60
Cuba,"110,860",12.03," $(185,100,000.00)",7.19,"13,400,000,000"," 14,410,000,000.00 "," $2,104,000,000.00 "," $33,920,000,000.00 "," $3,000.00 ",3," 60,858 "," $5,296,000,000.00 ",1.40,6.33,3.10,120000.00,11.20,4550000.00,77.23,1.80,600000000.00,163000.00,11346670.00,0.00,4226.00,738600000.00,1.66,2.50
Thailand,"514,000",15.7," $6,736,000,000.00 ",7.02,"106,100,000,000"," 118,900,000,000.00 "," $87,910,000,000.00 "," $524,800,000,000.00 "," $8,100.00 ",6.1," 57,403 "," $80,840,000,000.00 ",8.50,20.48,2.80,6971500.00,22.50,36430000.00,71.57,1.80,23930000000.00,785000.00,65444371.00,47.60,4071.00,48300000000.00,1.88,1.50
Hungary,"93,030",9.76," $(7,941,000,000.00)",13.19,"35,990,000,000"," 34,070,000,000.00 "," $54,620,000,000.00 "," $149,300,000,000.00 "," $14,900.00 ",3.9," 159,568 "," $58,680,000,000.00 ",9.60,8.57,7.00,1600000.00,22.80,4170000.00,72.40,1.75,13370000000.00,140700.00,10006835.00,58.30,7937.00,14800000000.00,1.32,5.90
Poland,"312,685",10.78," $(3,831,000,000.00)",10.01,"117,400,000,000"," 133,800,000,000.00 "," $75,980,000,000.00 "," $463,000,000,000.00 "," $12,000.00 ",5.6," 364,697 "," $81,610,000,000.00 ",10.00,8.51,3.40,8970000.00,18.40,17020000.00,74.41,1.71,13850000000.00,424100.00,38635144.00,49.90,23852.00,41880000000.00,1.39,19.50
Guinea,"245,857",42.03," $(308,300,000.00)",15.38,"795,200,000"," 855,000,000.00 "," $709,200,000.00 "," $19,500,000,000.00 "," $2,100.00 ",1," 30,500 "," $641,500,000.00 ",3.20,90.37,18.00,40000.00,21.00,3000000.00,49.86,1.70,0.00,8600.00,9467866.00,0.00,837.00,201700000.00,5.83,0.00
Slovenia,"20,273",8.95," $(51,640,000.00)",10.22,"11,800,000,000"," 12,490,000,000.00 "," $14,970,000,000.00 "," $39,410,000,000.00 "," $19,600.00 ",3.9," 20,250 "," $16,070,000,000.00 ",3.90,4.45,3.30,750000.00,24.90,870000.00,76.14,1.70,1040000000.00,53300.00,2011070.00,31.50,1201.00,8493000000.00,1.24,6.40
Sweden,"449,964",10.36," $24,080,000,000.00 ",10.36,"138,100,000,000"," 142,800,000,000.00 "," $121,700,000,000.00 "," $255,400,000,000.00 "," $28,400.00 ",3.6," 213,237 "," $97,970,000,000.00 ",5.50,2.77,0.70,5125000.00,15.80,4460000.00,80.40,1.70,949000000.00,328600.00,9001774.00,51.60,11481.00,19990000000.00,1.66,5.60
Cameroon,"475,440",34.67," $(149,100,000.00)",15.4,"3,321,000,000"," 3,571,000,000.00 "," $2,445,000,000.00 "," $30,170,000,000.00 "," $1,900.00 ",4.9," 34,300 "," $1,979,000,000.00 ",4.20,68.26,1.00,60000.00,16.10,6680000.00,47.84,1.60,0.00,22000.00,16380005.00,69.10,1008.00,687500000.00,4.47,30.00
Bolivia,"1,098,580",23.76," $273,000,000.00 ",7.64,"3,848,000,000"," 4,132,000,000.00 "," $1,986,000,000.00 "," $22,330,000,000.00 "," $2,600.00 ",3.7," 60,282 "," $1,595,000,000.00 ",5.70,53.11,4.90,270000.00,10.40,3800000.00,65.50,1.60,1150000000.00,49000.00,8857870.00,0.00,3519.00,1214000000.00,2.94,9.20
Netherlands,"41,526",11.14," $19,900,000,000.00 ",8.68,"100,700,000,000"," 90,610,000,000.00 "," $293,100,000,000.00 "," $481,100,000,000.00 "," $29,500.00 ",1.2," 116,500 "," $252,700,000,000.00 ",0.80,5.04,1.40,8500000.00,19.90,7530000.00,78.81,1.60,49720000000.00,895300.00,16407491.00,55.80,2808.00,21440000000.00,1.66,6.00
Senegal,"196,190",35.21," $(518,800,000.00)",10.6,"1,615,000,000"," 1,737,000,000.00 "," $1,374,000,000.00 "," $18,360,000,000.00 "," $1,700.00 ",3.2," 14,576 "," $2,128,000,000.00 ",4.70,55.51,0.80,225000.00,20.10,4650000.00,56.75,1.50,50000000.00,31000.00,11126832.00,55.20,906.00,820000000.00,4.75,48.00
South Africa,"1,219,912",18.48," $(2,480,000,000.00)",21.32,"189,400,000,000"," 202,600,000,000.00 "," $41,970,000,000.00 "," $491,400,000,000.00 "," $11,100.00 ",3.5," 275,971 "," $39,420,000,000.00 ",5.50,61.81,4.50,3100000.00,16.70,16630000.00,43.27,1.50,1800000000.00,460000.00,44344136.00,45.90,22298.00,11680000000.00,2.24,26.20
Cape Verde,"4,033",25.33," $(93,760,000.00)",6.62,"40,060,000"," 43,080,000.00 "," $61,110,000.00 "," $600,000,000.00 "," $1,400.00 ",5," 1,100 "," $387,300,000.00 ",0.00,47.77,1.50,20400.00,19.20,0.00,70.45,1.50,0.00,2000.00,418224.00,0.00,0.00,112700000.00,3.48,21.00
Venezuela,"912,050",18.91," $14,590,000,000.00 ",4.9,"89,300,000,000"," 89,700,000,000.00 "," $35,840,000,000.00 "," $145,200,000,000.00 "," $5,800.00 ",16.8," 96,155 "," $14,980,000,000.00 ",12.30,22.20,22.40,1274400.00,12.90,12250000.00,74.31,1.50,29400000000.00,500000.00,25375281.00,43.10,682.00,25750000000.00,2.26,17.10
Tunisia,"163,610",15.5," $71,850,000.00 ",5.09,"10,050,000,000"," 10,720,000,000.00 "," $9,926,000,000.00 "," $70,880,000,000.00 "," $7,100.00 ",5.1," 18,997 "," $11,520,000,000.00 ",4.40,24.77,4.10,630000.00,24.50,3550000.00,74.89,1.50,3830000000.00,87000.00,10074951.00,59.20,2152.00,3509000000.00,1.75,13.80
Germany,"357,021",8.33," $73,590,000,000.00 ",10.55,"519,500,000,000"," 560,000,000,000.00 "," $893,300,000,000.00 "," $2,362,000,000,000.00 "," $28,700.00 ",1.7," 230,735 "," $716,700,000,000.00 ",2.20,4.16,1.60,39000000.00,17.60,42630000.00,78.65,1.50,99550000000.00,2891000.00,82431390.00,65.80,46039.00,96840000000.00,1.39,10.60
Denmark,"43,094",11.36," $6,529,000,000.00 ",10.43,"31,630,000,000"," 36,380,000,000.00 "," $73,060,000,000.00 "," $174,400,000,000.00 "," $32,200.00 ",2.1," 71,847 "," $63,450,000,000.00 ",1.70,4.56,1.40,2756000.00,19.80,2870000.00,77.62,1.50,5280000000.00,218000.00,5432335.00,42.50,3002.00,37980000000.00,1.74,6.20
Albania,"28,748",15.08," $(504,000,000.00)",5.12,"6,760,000,000"," 5,680,000,000.00 "," $552,400,000.00 "," $17,460,000,000.00 "," $4,900.00 ",5.6," 18,000 "," $2,076,000,000.00 ",3.10,21.52,3.20,30000.00,18.40,1090000.00,77.24,1.49,30000000.00,7500.00,3563112.00,0.00,447.00,1206000000.00,2.04,14.80
Papua New Guinea,"462,840",29.95," $29,150,000.00 ",7.37,"1,561,000,000"," 1,679,000,000.00 "," $2,437,000,000.00 "," $11,990,000,000.00 "," $2,200.00 ",0.9," 19,600 "," $1,353,000,000.00 ",0.00,51.45,4.20,75000.00,13.60,3320000.00,64.93,1.40,110000000.00,15000.00,5545268.00,59.30,0.00,635800000.00,3.96,0.00
Swaziland,"17,363",27.72," $(82,400,000.00)",25.26,"1,173,000,000"," 402,000,000.00 "," $900,100,000.00 "," $6,018,000,000.00 "," $5,100.00 ",2.5," 3,107 "," $1,140,000,000.00 ",3.70,69.27,5.40,27000.00,23.60,383200.00,35.65,1.40,0.00,3500.00,1173900.00,0.00,301.00,320500000.00,3.70,34.00
Honduras,"112,090",30.38," $258,300,000.00 ",6.87,"3,771,000,000"," 3,626,000,000.00 "," $1,457,000,000.00 "," $18,790,000,000.00 "," $2,800.00 ",4.2," 13,603 "," $3,332,000,000.00 ",7.70,29.32,7.00,168600.00,24.10,2470000.00,65.60,1.40,0.00,29000.00,6975204.00,74.10,699.00,1464000000.00,3.87,28.50
Kyrgyzstan,"198,500",22.48," $(87,920,000.00)",7.13,"10,210,000,000"," 11,720,000,000.00 "," $646,700,000.00 "," $8,495,000,000.00 "," $1,700.00 ",6," 18,500 "," $775,100,000.00 ",6.00,35.64,3.20,152000.00,17.00,2700000.00,68.16,1.40,2016000000.00,20000.00,5146281.00,0.00,470.00,498700000.00,2.70,18.00
Peru,"1,285,220",20.87," $(30,000,000.00)",6.26,"20,220,000,000"," 22,880,000,000.00 "," $12,300,000,000.00 "," $155,300,000,000.00 "," $5,600.00 ",4.5," 78,230 "," $9,600,000,000.00 ",5.20,31.94,3.80,2850000.00,17.80,11000000.00,69.53,1.40,910000000.00,161000.00,27925628.00,44.10,3462.00,12700000000.00,2.56,9.60
Ukraine,"603,700",10.49," $4,584,000,000.00 ",16.42,"132,000,000,000"," 180,000,000,000.00 "," $32,910,000,000.00 "," $299,100,000,000.00 "," $6,300.00 ",12," 169,679 "," $31,450,000,000.00 ",16.50,20.34,12.00,3800000.00,18.80,21110000.00,66.85,1.40,79860000000.00,303000.00,47425336.00,24.70,22473.00,11330000000.00,1.40,3.50
Belarus,"207,600",10.83," $(1,119,000,000.00)",14.15,"34,300,000,000"," 30,000,000,000.00 "," $11,470,000,000.00 "," $70,500,000,000.00 "," $6,800.00 ",6.4," 79,990 "," $13,570,000,000.00 ",4.00,13.37,17.40,1391900.00,21.80,4305000.00,68.72,1.40,18800000000.00,285000.00,10300483.00,0.00,5523.00,770200000.00,1.39,2.00
Burkina Faso,"274,200",44.17," $(471,700,000.00)",18.86,"335,700,000"," 361,000,000.00 "," $418,600,000.00 "," $15,740,000,000.00 "," $1,200.00 ",4.8," 12,506 "," $866,300,000.00 ",14.00,97.57,2.40,48000.00,29.10,5000000.00,43.92,1.30,0.00,8000.00,13925313.00,0.00,622.00,474900000.00,6.23,0.00
Kenya,"582,650",40.13," $(459,200,000.00)",14.65,"4,337,000,000"," 4,475,000,000.00 "," $2,589,000,000.00 "," $34,680,000,000.00 "," $1,100.00 ",2.2," 63,942 "," $4,190,000,000.00 ",2.60,61.47,9.00,400000.00,14.70,11400000.00,47.99,1.30,0.00,57000.00,33829590.00,74.30,2778.00,1500000000.00,4.96,40.00
Argentina,"2,766,890",16.9," $5,473,000,000.00 ",7.56,"81,650,000,000"," 81,390,000,000.00 "," $33,780,000,000.00 "," $483,500,000,000.00 "," $12,400.00 ",8.3," 215,471 "," $22,060,000,000.00 ",12.00,15.18,6.10,4100000.00,18.30,15040000.00,75.91,1.30,31100000000.00,486000.00,39537943.00,118.00,34091.00,19470000000.00,2.19,14.80
Belgium,"30,528",10.48," $11,400,000,000.00 ",10.22,"78,820,000,000"," 76,580,000,000.00 "," $255,700,000,000.00 "," $316,200,000,000.00 "," $30,600.00 ",2.6," 149,028 "," $235,000,000,000.00 ",3.50,4.68,1.90,3400000.00,19.10,4750000.00,78.62,1.30,15500000000.00,595100.00,10364388.00,96.20,3518.00,14450000000.00,1.64,12.00
Madagascar,"587,040",41.66," $(281,900,000.00)",11.35,"781,400,000"," 840,200,000.00 "," $868,200,000.00 "," $14,560,000,000.00 ", $800.00 ,5.5," 49,827 "," $1,147,000,000.00 ",3.00,76.83,7.50,70500.00,14.70,7300000.00,56.95,1.20,0.00,13000.00,18040341.00,0.00,732.00,500300000.00,5.66,0.00
Cote d'Ivoire,"322,460",35.51," $(421,500,000.00)",14.94,"2,976,000,000"," 4,759,000,000.00 "," $5,124,000,000.00 "," $24,780,000,000.00 "," $1,500.00 ",-1," 50,400 "," $3,360,000,000.00 ",15.00,90.83,1.40,90000.00,11.30,6700000.00,48.62,1.20,1350000000.00,32000.00,17298040.00,74.80,660.00,1950000000.00,4.58,13.00
Spain,"504,782",10.1," $(30,890,000,000.00)",9.63,"218,400,000,000"," 229,000,000,000.00 "," $172,500,000,000.00 "," $937,600,000,000.00 "," $23,300.00 ",2.6," 664,852 "," $222,000,000,000.00 ",3.00,4.42,3.20,9789000.00,25.40,19330000.00,79.52,1.20,17960000000.00,1497000.00,40341462.00,53.20,14268.00,19700000000.00,1.28,10.40
Latvia,"64,589",9.04," $(1,251,000,000.00)",13.7,"5,829,000,000"," 4,547,000,000.00 "," $3,569,000,000.00 "," $26,530,000,000.00 "," $11,500.00 ",7.6," 60,472 "," $5,970,000,000.00 ",8.50,9.55,6.00,936000.00,26.10,1170000.00,71.05,1.20,1700000000.00,44000.00,2290237.00,11.80,2303.00,1650000000.00,1.26,8.80
Dominican Republic,"48,730",23.28," $762,200,000.00 ",7.35,"8,912,000,000"," 9,583,000,000.00 "," $5,446,000,000.00 "," $55,680,000,000.00 "," $6,300.00 ",1.7," 12,600 "," $8,093,000,000.00 ",2.00,32.38,55.00,500000.00,18.90,0.00,67.26,1.10,0.00,129000.00,8950034.00,61.10,1743.00,426000000.00,2.86,17.00
Panama,"78,200",19.96," $(469,600,000.00)",6.54,"4,473,000,000"," 4,873,000,000.00 "," $5,699,000,000.00 "," $20,570,000,000.00 "," $6,900.00 ",6," 11,643 "," $7,164,000,000.00 ",5.40,20.47,2.00,120000.00,25.00,1320000.00,71.94,1.10,0.00,40520.00,3039150.00,69.20,355.00,1076000000.00,2.45,12.60
Canada,"9,984,670",10.84," $28,200,000,000.00 ",7.73,"487,300,000,000"," 548,900,000,000.00 "," $315,600,000,000.00 "," $1,023,000,000,000.00 "," $31,500.00 ",2.4," 1,408,800 "," $256,100,000,000.00 ",2.00,4.75,1.90,16110000.00,19.40,17370000.00,80.10,1.10,55800000000.00,2200000.00,32805041.00,0.00,48909.00,36270000000.00,1.61,7.00
El Salvador,"21,040",27.04," $(880,500,000.00)",5.85,"4,450,000,000"," 4,158,000,000.00 "," $3,249,000,000.00 "," $32,350,000,000.00 "," $4,900.00 ",1.8," 10,029 "," $5,968,000,000.00 ",0.70,25.10,5.40,550000.00,16.60,2750000.00,71.22,1.10,0.00,39000.00,6704932.00,41.70,283.00,1888000000.00,3.16,6.30
Philippines,"300,000",25.31," $3,600,000,000.00 ",5.47,"46,050,000,000"," 52,860,000,000.00 "," $38,630,000,000.00 "," $430,600,000,000.00 "," $5,000.00 ",5.9," 202,124 "," $37,500,000,000.00 ",5.00,23.51,5.50,3500000.00,17.00,35860000.00,69.91,1.00,25000000.00,338000.00,87857473.00,74.20,897.00,16050000000.00,3.16,11.70
Japan,"377,835",9.47," $170,200,000,000.00 ",8.95,"971,000,000,000"," 1,044,000,000,000.00 "," $538,800,000,000.00 "," $3,745,000,000,000.00 "," $29,400.00 ",2.9," 1,171,647 "," $401,800,000,000.00 ",6.60,3.26,-0.10,57200000.00,24.00,66970000.00,81.15,1.00,80420000000.00,5290000.00,127417244.00,164.30,23705.00,664600000000.00,1.39,4.70
New Zealand,"268,680",13.9," $(3,647,000,000.00)",7.53,"35,710,000,000"," 38,390,000,000.00 "," $19,850,000,000.00 "," $92,510,000,000.00 "," $23,200.00 ",4.8," 92,382 "," $19,770,000,000.00 ",5.90,5.85,2.40,2110000.00,22.40,2050000.00,78.66,1.00,6504000000.00,132700.00,4035461.00,22.10,3898.00,4805000000.00,1.79,4.20
Switzerland,"41,290",9.77," $40,950,000,000.00 ",8.48,"54,530,000,000"," 63,470,000,000.00 "," $130,700,000,000.00 "," $251,900,000,000.00 "," $33,800.00 ",1.8," 71,212 "," $121,100,000,000.00 ",4.70,4.39,0.90,2556000.00,20.40,3770000.00,80.39,1.00,3093000000.00,290400.00,7489370.00,57.20,4533.00,69580000000.00,1.42,3.40
Haiti,"27,750",36.59," $(27,630,000.00)",12.34,"574,700,000"," 618,000,000.00 "," $338,100,000.00 "," $12,050,000,000.00 "," $1,500.00 ",-3.5," 4,160 "," $1,085,000,000.00 ",0.00,73.45,22.00,80000.00,0.00,3600000.00,52.92,0.90,0.00,11000.00,8121622.00,0.00,0.00,80640000.00,5.02,0.00
Guyana,"214,970",18.45," $(129,400,000.00)",8.32,"751,400,000"," 808,000,000.00 "," $570,200,000.00 "," $2,899,000,000.00 "," $3,800.00 ",1.9," 7,970 "," $650,100,000.00 ",7.10,33.26,4.50,125000.00,34.50,418000.00,65.50,0.90,0.00,11000.00,765283.00,0.00,187.00,280600000.00,2.05,0.00
Paraguay,"406,750",29.43," $(36,110,000.00)",4.53,"2,469,000,000"," 48,360,000,000.00 "," $2,936,000,000.00 "," $29,930,000,000.00 "," $4,800.00 ",2.8," 29,500 "," $3,330,000,000.00 ",0.00,25.63,5.10,120000.00,18.10,2660000.00,74.89,0.90,0.00,25000.00,6347884.00,39.20,441.00,1164000000.00,3.93,15.10
Kazakhstan,"2,717,300",15.78," $(39,020,000.00)",9.46,"62,210,000,000"," 66,820,000,000.00 "," $18,470,000,000.00 "," $118,400,000,000.00 "," $7,800.00 ",9.1," 82,980 "," $13,070,000,000.00 ",10.60,29.21,6.90,250000.00,23.90,7950000.00,66.55,0.90,14300000000.00,189400.00,15185844.00,13.70,13601.00,14350000000.00,1.89,8.00
Austria,"83,870",8.81," $(3,283,000,000.00)",9.7,"55,090,000,000"," 58,490,000,000.00 "," $102,700,000,000.00 "," $255,900,000,000.00 "," $31,300.00 ",1.9," 200,000 "," $101,200,000,000.00 ",3.30,4.66,1.80,3730000.00,22.60,3450000.00,78.92,0.90,7810000000.00,262400.00,8184691.00,64.20,6021.00,12730000000.00,1.36,4.40
Ireland,"70,280",14.47," $(2,881,000,000.00)",7.85,"21,780,000,000"," 22,880,000,000.00 "," $103,800,000,000.00 "," $126,400,000,000.00 "," $31,900.00 ",5.1," 95,736 "," $60,650,000,000.00 ",7.00,5.39,2.20,1260000.00,23.80,1920000.00,77.56,0.90,4199000000.00,174400.00,4015676.00,31.20,3312.00,4152000000.00,1.87,4.30
Mexico,"1,972,550",21.01," $(4,113,000,000.00)",4.73,"189,700,000,000"," 203,600,000,000.00 "," $182,400,000,000.00 "," $1,006,000,000,000.00 "," $9,600.00 ",4.1," 329,532 "," $190,800,000,000.00 ",3.80,20.91,5.40,10033000.00,19.40,34730000.00,75.19,0.90,55100000000.00,1752000.00,106202903.00,23.50,19510.00,60670000000.00,2.45,3.20
Sao Tome and Principe,"1,001",40.8," $(31,500,000.00)",6.68,"15,810,000"," 17,000,000.00 "," $6,700,000.00 "," $214,000,000.00 "," $1,200.00 ",6, 320 ," $41,000,000.00 ",0.00,43.11,14.00,15000.00,31.50,0.00,66.99,0.80,0.00,700.00,187410.00,0.00,0.00,29780000.00,5.71,0.00
Nigeria,"923,768",40.65," $5,228,000,000.00 ",17.18,"18,430,000,000"," 19,850,000,000.00 "," $33,990,000,000.00 "," $125,700,000,000.00 "," $1,000.00 ",6.2," 194,394 "," $17,140,000,000.00 ",1.80,98.80,16.50,750000.00,18.00,55670000.00,46.74,0.80,7850000000.00,275000.00,128771988.00,20.00,3557.00,14710000000.00,5.53,0.00
Guatemala,"108,890",34.11," $(1,381,000,000.00)",6.81,"5,760,000,000"," 6,608,000,000.00 "," $2,911,000,000.00 "," $59,470,000,000.00 "," $4,200.00 ",2.6," 14,118 "," $7,770,000,000.00 ",4.10,35.93,7.20,400000.00,14.90,3680000.00,65.14,0.80,0.00,61000.00,14655189.00,32.00,886.00,3084000000.00,4.53,7.50
Malawi,"118,480",43.95," $(55,500,000.00)",23.39,"1,012,000,000"," 1,088,000,000.00 "," $503,400,000.00 "," $7,410,000,000.00 ", $600.00 ,4," 28,400 "," $521,100,000.00 ",1.40,103.32,12.00,36000.00,10.70,4500000.00,36.97,0.70,0.00,5400.00,12158924.00,228.30,797.00,160500000.00,5.98,0.00
Nicaragua,"129,494",24.88," $(843,100,000.00)",4.49,"2,318,000,000"," 2,553,000,000.00 "," $750,000,000.00 "," $12,340,000,000.00 "," $2,300.00 ",4," 18,712 "," $2,020,000,000.00 ",4.40,29.11,9.30,90000.00,28.00,1930000.00,70.33,0.70,0.00,25770.00,5465100.00,69.50,6.00,670000000.00,2.81,7.80
Malta,316,10.17," $(241,000,000.00)",8,"2,000,000,000"," 2,150,000,000.00 "," $2,625,000,000.00 "," $7,223,000,000.00 "," $18,200.00 ",1," 2,222 "," $3,407,000,000.00 ",0.00,3.89,2.90,120000.00,26.40,160000.00,78.86,0.70,0.00,20000.00,398534.00,0.00,0.00,2865000000.00,1.50,7.00
Ghana,"239,460",23.97," $83,870,000.00 ",10.84,"6,137,000,000"," 6,922,000,000.00 "," $3,010,000,000.00 "," $48,270,000,000.00 "," $2,300.00 ",5.4," 46,176 "," $3,699,000,000.00 ",3.80,51.43,13.00,170000.00,19.70,10240000.00,56.00,0.60,0.00,38000.00,21029853.00,0.00,953.00,1267000000.00,3.02,20.00
Trinidad and Tobago,"5,128",12.81," $1,548,000,000.00 ",9.37,"5,341,000,000"," 5,743,000,000.00 "," $6,671,000,000.00 "," $11,480,000,000.00 "," $10,500.00 ",5.7," 8,320 "," $4,650,000,000.00 ",7.20,24.31,3.30,138000.00,19.40,590000.00,68.91,0.60,13760000000.00,24000.00,1088644.00,54.40,0.00,2927000000.00,1.75,10.40
Georgia,"69,700",10.25," $(632,900,000.00)",9.09,"6,811,000,000"," 6,732,000,000.00 "," $909,400,000.00 "," $14,450,000,000.00 "," $3,100.00 ",9.5," 20,229 "," $1,806,000,000.00 ",3.00,18.59,5.50,150500.00,18.50,2100000.00,75.88,0.59,1160000000.00,31500.00,4677401.00,0.00,1612.00,231400000.00,1.41,17.00
Laos,"236,800",35.99," $(80,760,000.00)",11.83,"3,036,000,000"," 3,560,000,000.00 "," $365,500,000.00 "," $11,280,000,000.00 "," $1,900.00 ",6," 21,716 "," $579,500,000.00 ",9.70,85.22,12.30,15000.00,0.00,2600000.00,55.08,0.50,0.00,2750.00,6217141.00,0.00,0.00,193100000.00,4.77,5.70
Jamaica,"10,991",16.56," $(830,700,000.00)",5.37,"5,849,000,000"," 6,289,000,000.00 "," $1,679,000,000.00 "," $11,130,000,000.00 "," $4,100.00 ",1.9," 18,700 "," $3,624,000,000.00 ",-2.00,12.36,12.40,600000.00,32.00,1140000.00,76.29,0.40,0.00,66000.00,2731832.00,146.10,272.00,1400000000.00,1.95,15.00
Moldova,"33,843",15.27," $(148,400,000.00)",12.79,"4,605,000,000"," 3,876,000,000.00 "," $1,030,000,000.00 "," $8,581,000,000.00 "," $1,900.00 ",6.8," 12,719 "," $1,830,000,000.00 ",17.00,40.42,11.50,150000.00,17.10,1360000.00,65.18,0.40,2050000000.00,24000.00,4455421.00,63.40,1138.00,390000000.00,1.81,8.00
Costa Rica,"51,100",18.6," $(980,300,000.00)",4.33,"5,733,000,000"," 6,614,000,000.00 "," $6,184,000,000.00 "," $37,970,000,000.00 "," $9,600.00 ",3.9," 35,303 "," $7,842,000,000.00 ",3.10,9.95,11.50,800000.00,19.20,1810000.00,76.84,0.40,0.00,37000.00,4016173.00,58.00,950.00,1736000000.00,2.28,6.60
Gambia The,"11,300",39.86," $(16,400,000.00)",11.81,"83,990,000"," 90,310,000.00 "," $114,400,000.00 "," $2,799,000,000.00 "," $1,800.00 ",6," 2,700 "," $180,900,000.00 ",0.00,72.02,7.00,25000.00,25.30,400000.00,55.20,0.30,0.00,1900.00,1593256.00,0.00,0.00,113100000.00,5.38,0.00
Tanzania,"945,087",38.16," $(327,400,000.00)",16.71,"2,566,000,000"," 2,727,000,000.00 "," $1,248,000,000.00 "," $23,710,000,000.00 ", $700.00 ,5.8," 88,200 "," $1,972,000,000.00 ",8.40,98.54,5.40,250000.00,16.20,19000000.00,45.24,0.20,0.00,17000.00,36766356.00,5.00,3690.00,2175000000.00,5.06,0.00
Mauritius,"2,040",15.62," $284,100,000.00 ",6.83,"1,707,000,000"," 1,836,000,000.00 "," $2,012,000,000.00 "," $15,680,000,000.00 "," $12,800.00 ",4.7," 2,000 "," $2,245,000,000.00 ",8.00,15.03,4.50,150000.00,22.50,560000.00,72.38,0.20,0.00,21000.00,1230602.00,29.20,0.00,1676000000.00,1.96,10.80